{"count":1,"self":50.840630399999995,"total":318.11831129999996,"children":{"InitializeActuators":{"count":1,"self":0.0019989,"total":0.0019989,"children":null},"InitializeSensors":{"count":1,"self":0.0019967,"total":0.0019967,"children":null},"AgentSendState":{"count":166634,"self":0.5270571,"total":1.3771286999999999,"children":{"CollectObservations":{"count":33327,"self":0.182352,"total":0.182352,"children":null},"WriteActionMask":{"count":33327,"self":0.044682099999999995,"total":0.044682099999999995,"children":null},"RequestDecision":{"count":33327,"self":0.1702997,"total":0.6230375,"children":{"AgentInfo.ToProto":{"count":33327,"self":0.17823999999999998,"total":0.45273779999999997,"children":{"GenerateSensorData":{"count":33327,"self":0.2744978,"total":0.2744978,"children":null}}}}}}},"DecideAction":{"count":166634,"self":255.15860479999998,"total":255.158595,"children":null},"AgentAct":{"count":166634,"self":10.730964799999999,"total":10.7309647,"children":null},"AgentInfo.ToProto":{"count":547,"self":0.001,"total":0.0059984999999999995,"children":{"GenerateSensorData":{"count":547,"self":0.0049984999999999995,"total":0.0049984999999999995,"children":null}}}},"gauges":{"My Behavior.CumulativeReward":{"count":547,"max":11758,"min":-16,"runningAverage":878.2313,"value":11140.5,"weightedAverage":6241.683}},"metadata":{"timer_format_version":"0.1.0","start_time_seconds":"1688741439","unity_version":"2022.3.2f1","command_line_arguments":"C:\\Program Files\\Unity\\Hub\\Editor\\2022.3.2f1\\Editor\\Unity.exe -projectpath C:\\Users\\martin\\Josh2DShooter -useHub -hubIPC -cloudEnvironment production -licensingIpc LicenseClient-martin -hubSessionId f629ee5d-a099-4ab4-bdfd-c02cfa8dbfdb -accessToken N55_1UV_hpfZ2fSoifrbr6WVM6zAVoae2jJrvM3Zr9U007f","communication_protocol_version":"1.5.0","com.unity.ml-agents_version":"2.0.1","scene_name":"SampleScene","end_time_seconds":"1688741757"}}